"Township","Area","State","Primary_Type","Multi_Type","Primary_Tenure","Median_PSF","Transactions","Actual","Predicted","Error","Percent_Error"
"scientex sungai dua","tasek gelugor","penang","terrace house",0,1,303.999999999999,593.000000000003,331800.000000006,393621.083586814,61821.0835868078,18.6320324251979
"bandar putra","kulai","johor","cluster house",1,1,322.000000000001,519.000000000001,590900.00000002,530024.506524601,-60875.493475419,-10.3021650829949
"taman lagenda tropika tapah","chenderiang","perak","terrace house",0,1,130,413.999999999998,229954.000000008,184959.07893329,-44994.9210667176,-19.5669225439505
"taman impian emas","tebrau","johor","terrace house",1,1,327.999999999999,349.000000000001,737999.999999993,492823.710966233,-245176.289033761,-33.2217193812687
"taman bestari indah","ulu tiram","johor","terrace house",0,1,471.000000000001,184.000000000001,831999.999999961,781429.468175463,-50570.5318244983,-6.07818892121402
"taman mutiara rini","skudai","johor","terrace house",0,0,396,183,672000.000000009,520399.23958719,-151600.76041282,-22.5596369661931
"taman setia indah","tebrau","johor","terrace house",0,1,382.000000000002,118.000000000001,610000.000000003,598155.84779577,-11844.1522042331,-1.94166429577591
"meridin east","pasir gudang","johor","terrace house",0,1,413.999999999998,115,579999.999999999,696447.220825807,116447.220825808,20.0771070389324
"taman skudai baru","skudai","johor","terrace house",0,1,325.000000000001,114.000000000001,434999.999999991,498645.03516686,63645.0351668688,14.6310425670966
"taman mutiara bestari","skudai","johor","cluster house",1,1,482.999999999999,114.000000000001,1114310,987314.302284836,-126995.697715168,-11.3968014031255
"caledonia","ijok","selangor","terrace house",0,1,391.999999999999,109,509800.000000024,555857.118286853,46057.1182868283,9.03435038972659
"laman aspirasi (banting)","banting","selangor","semi d",1,1,129,104,179999.999999991,312367.605066049,132367.605066058,73.5375583700359
"prima @ sitiawan","sitiawan","perak","terrace house",0,1,193.000000000001,102,270609.999999997,293163.243927861,22553.243927864,8.33422413357389
"dorsett residences bukit bintang","bukit bintang","kuala lumpur","service residence",0,1,1663.99999999999,93.9999999999997,1482000.00000005,1965779.81323983,483779.813239781,32.6437120944512
"taman puterimas (kluang)","kluang","johor","terrace house",0,1,119,89,250750.000000004,163153.298181113,-87596.7018188915,-34.9338790902851
"d'art hills residence","senai","johor","terrace house",0,1,591.000000000001,89,838999.999999963,1006952.46152522,167952.46152526,20.0181718146922
"bandar springhill","jimah","negeri sembilan","terrace house",0,1,178.999999999999,86.0000000000002,220000,251507.900807301,31507.9008073012,14.3217730942278
"taman hijauan valdor","sungai bakap","penang","terrace house",1,1,240.999999999999,85.0000000000003,675000.000000023,403554.758651168,-271445.241348854,-40.2141098294586
"taman mesra impian","kampar","perak","terrace house",0,0,214,83.0000000000002,299999.999999989,288765.338082179,-11234.6619178102,-3.74488730593686
"bandar ioi","segamat","johor","terrace house",0,1,208,79.9999999999999,349350.000000001,287498.481236553,-61851.5187634479,-17.70474274036
"setia sky 88","johor bahru","johor","service residence",0,1,1270,78.9999999999999,1386799.99999999,1977774.2662927,590974.266292709,42.614238988514
"taman putri kulai","kulai","johor","terrace house",0,1,291.999999999999,77.9999999999999,449999.999999999,430778.287981028,-19221.7120189709,-4.27149155977133
"laman setia","iskandar puteri (nusajaya)","johor","terrace house",0,1,389.000000000002,72.9999999999999,649999.999999987,550769.40999635,-99230.5900036375,-15.2662446159445
"la casa lunas","lunas","kedah","semi d",0,1,226.999999999999,71.0000000000003,516887.99999998,456019.322037258,-60868.6779627227,-11.7759897623325
"mekarsari unggul (fasa iii)","kepala batas","penang","terrace house",0,1,366.000000000001,71.0000000000003,612999.99999997,484661.245042977,-128338.754956993,-20.9361753600325
"bandar baru sri damansara","bandar sri damansara","selangor","terrace house",0,1,564.000000000001,70.0000000000001,894000.000000043,897397.026158609,3397.026158566,0.379980554649423
"serelyn avenue","kuantan","pahang","terrace house",0,0,230.999999999999,69,387999.999999996,335889.42034908,-52110.5796509156,-13.4305617657001
"bandar cemerlang","tebrau","johor","cluster house",1,1,345,69,828000.000000003,617413.214625202,-210586.785374801,-25.4331866394686
"goodview heights","kajang","selangor","terrace house",1,1,542.000000000002,67.0000000000003,768799.999999984,985203.454638616,216403.454638632,28.1482121017997
"irama sendayan 2c","labu","negeri sembilan","terrace house",0,1,416.999999999999,67.0000000000003,584998.999999986,689550.246735954,104551.246735968,17.872038539548
"taman desa pd","linggi","negeri sembilan","terrace house",0,1,131,66.0000000000003,179999.999999991,168210.437158361,-11789.5628416303,-6.54975713423938
"taman tun dr ismail","taman tun dr ismail","kuala lumpur","terrace house",0,1,767.999999999998,63.9999999999999,1584999.99999997,1506949.15136349,-78050.8486364784,-4.92434376255393
"bandar baru sri petaling","sri petaling","kuala lumpur","terrace house",1,0,510.999999999998,62.9999999999998,844999.999999991,724424.328127885,-120575.671872106,-14.2693102807227
"bandar sungai buaya","serendah","selangor","terrace house",0,0,188,60,299999.999999989,237675.381394692,-62324.6186052969,-20.7748728684331
"taman tunku","miri","sarawak","terrace house",0,0,182.000000000001,59,288000.000000005,243646.877677288,-44353.1223227172,-15.4003896953877
"ss2 petaling jaya","petaling jaya","selangor","terrace house",0,1,624.999999999999,58,1120000.00000003,1210598.43754624,90598.4375462176,8.08914620948353
"taman krubong heights","krubong","melaka","terrace house",0,1,290,57,405800.00000002,452604.876020196,46804.8760201763,11.5339763479976
"palm spring @ damansara","kota damansara","selangor","condominium",0,0,524.999999999998,57,529999.999999998,617701.317423358,87701.3174233602,16.5474183817661
"bertam perdana","kepala batas","penang","cluster house",1,1,260.000000000001,55,309999.999999991,448285.735465065,138285.735465073,44.6083017629282
"bandar puteri jaya seksyen 1","sungai petani","kedah","terrace house",0,1,200.000000000001,55,228000.000000005,274768.886970093,46768.8869700884,20.5126697237225
"bandar botanic","klang","selangor","terrace house",0,1,468.000000000001,53.9999999999998,767500.000000008,744195.7681006,-23304.2318994087,-3.03638200643759
"bandar amanjaya (kemboja)","sungai petani","kedah","terrace house",0,1,165,53.9999999999998,229999.999999992,251449.808914267,21449.8089142747,9.3260038757719
"taman puncak kasih merlimau pasir","merlimau","melaka","terrace house",0,1,127,52.9999999999999,179800.000000008,182707.371234683,2907.37123467511,1.61700291138765
"taman nusa bestari 2","iskandar puteri (nusajaya)","johor","terrace house",0,1,363,52.9999999999999,540000.000000024,475129.340922331,-64870.6590776927,-12.013085014387
"bandar tasik senangin","lenggeng","negeri sembilan","bungalow",0,1,105,52.9999999999999,434999.999999991,341680.88425141,-93319.1157485814,-21.4526702870306
"taman langat utama 3","tanjong duabelas","selangor","terrace house",0,0,281.999999999999,52.9999999999999,410000.000000004,443597.27385271,33597.2738527066,8.19445703724544
"bukit banyan","sungai petani","kedah","town house",1,1,267,51.0000000000002,499900.000000019,388162.440386082,-111737.559613937,-22.3519823192504
"bandar rinching","semenyih","selangor","terrace house",0,1,291.999999999999,51.0000000000002,399999.999999992,443652.605643918,43652.6056439252,10.9131514109815
"taman air manis","sabak bernam","selangor","cluster house",1,0,178.999999999999,50.0000000000002,250000.000000004,326393.23462544,76393.234625436,30.5572938501739
"taman bertam heights","tanjong minyak","melaka","terrace house",0,1,138.000000000001,50.0000000000002,179999.999999991,217153.576209662,37153.5762096709,20.6408756720404
"taman pasir putih","pasir gudang","johor","terrace house",0,1,273,50.0000000000002,374999.999999982,396837.157311961,21837.1573119788,5.82324194986129
"taman sri skudai","skudai","johor","terrace house",0,1,283.000000000001,49.0000000000002,399999.999999992,442771.435225609,42771.4352256171,10.6928588064045
"taman lestari puchong","seri kembangan","selangor","terrace house",0,0,338,49.0000000000002,507999.99999999,484584.507398432,-23415.4926015577,-4.6093489373146
"taman bakti [yns]","labu","negeri sembilan","terrace house",0,1,67.0000000000003,47.9999999999999,79999.9999999985,79457.2172520024,-542.782747996098,-0.678478434995135
"kepong baru","kepong","kuala lumpur","terrace house",0,1,445,47.9999999999999,667499.999999973,798941.322222633,131441.322222661,19.6915838535829
"alam perdana","ijok","selangor","terrace house",0,0,189,47.0000000000001,309999.999999991,257276.918133372,-52723.0818666194,-17.0074457634261
"taman krubong jaya","krubong","melaka","terrace house",0,0,223,47.0000000000001,290000.000000013,287753.095231331,-2246.90476868139,-0.774794747821134
"scientex seremban","seremban","negeri sembilan","terrace house",0,1,272.000000000001,44,380000.000000012,402308.805759483,22308.8057594711,5.87073835775538
"bandar utama batang kali","batang kali","selangor","terrace house",1,1,208,44,232499.999999989,310087.039346717,77587.0393467283,33.3707696114977
"tas","kuantan","pahang","terrace house",0,1,158,42.9999999999999,185000.000000007,230775.392078965,45775.3920789578,24.7434551778141
"bandar ekar","rantau","negeri sembilan","terrace house",0,1,144.999999999999,42.0000000000001,235788.999999991,214146.595337123,-21642.4046628678,-9.17871684551385
"rpa sri tanjung","sungai petani","kedah","terrace house",0,1,42.9999999999999,41.0000000000001,27049.000000001,71850.1678487816,44801.1678487806,165.62966412355
"bandar bestari@canary garden","klang","selangor","cluster house",0,1,620.000000000002,40.0000000000001,1449664.99999997,865546.879952363,-584118.120047607,-40.293317424896
"taman desa tanjung minyak (seri bertam)","tanjong minyak","melaka","terrace house",0,0,181.000000000001,39.0000000000001,260000.000000009,284766.415438779,24766.4154387692,9.52554439952628
"taman canning","ipoh","perak","terrace house",1,1,171,39.0000000000001,425000.000000019,254856.441167134,-170143.558832886,-40.0337785489124
"rpr bandar baru samariang","kuching","sarawak","terrace house",0,0,195.000000000001,39.0000000000001,200000.000000005,297238.788333739,97238.7883337339,48.6193941668656
"taman bukit katil damai","bukit katil","melaka","semi d",1,0,338,38.0000000000002,488000.000000007,645765.170033882,157765.170033875,32.3289282856296
"taman merpati indah","kulim","kedah","terrace house",0,1,330.000000000001,38.0000000000002,462000.000000011,510921.751677763,48921.7516777517,10.5891237397728
"taman gaya","ulu tiram","johor","cluster house",0,1,408.999999999999,38.0000000000002,1034400.00000002,592933.97431072,-441466.025689295,-42.6784634270387
"taman emas bidor","bidor","perak","terrace house",0,0,75,36.9999999999998,89999.9999999998,89497.0122871781,-502.98771282169,-0.558875236468546
"setia ecohill","beranang","selangor","cluster house",1,1,419.000000000001,36.9999999999998,680000.000000007,836690.352409553,156690.352409546,23.0426988837565
"bandar bukit tinggi","klang","selangor","terrace house",0,1,468.000000000001,36.9999999999998,750000.000000006,756651.610857024,6651.61085701862,0.886881447602476
"irama sendayan 2d","labu","negeri sembilan","terrace house",0,1,443.999999999998,36,628888.000000008,693778.384114568,64890.3841145595,10.3182735422776
"taman senggarang","senggarang","johor","terrace house",0,1,107,36,150000.000000001,162620.804626648,12620.8046266469,8.41386975109789
"elmina east","shah alam","selangor","terrace house",1,1,546.999999999999,36,921499.999999986,1240306.84401035,318806.844010368,34.5965104731821
"panorama lapangan perdana","ipoh","perak","terrace house",0,1,288.999999999999,34.9999999999999,568000.000000007,441534.598056703,-126465.401943304,-22.2650355533983
"taman nusaputra timur (reflexion)","dengkil","selangor","terrace house",0,0,944,33.9999999999999,1450000.00000006,1739944.3757277,289944.375727633,19.9961638432842
"taman tiang dua bestari","ayer molek","melaka","cluster house",1,1,174.999999999999,33.9999999999999,269100.000000001,315181.452927338,46081.4529273376,17.1242857403707
"bandar cyber ipoh","ipoh","perak","semi d",0,0,251.999999999999,33.9999999999999,608999.999999979,555475.994015114,-53524.005984865,-8.78883513708815
"villa wangsamas","wangsa maju","kuala lumpur","condominium",0,1,386,33.9999999999999,499999.999999986,416724.145648454,-83275.8543515318,-16.6551708703068
"sierra perdana","masai","johor","terrace house",1,1,361,33,494999.999999987,515145.968195743,20145.9681957562,4.06989256479934
"taman warisan puteri","ampangan","negeri sembilan","semi d",1,1,279.000000000001,33,433679.999999992,482869.925497104,49189.9254971122,11.342447310716
"ss3 petaling jaya","petaling jaya","selangor","terrace house",1,1,423.000000000001,32.0000000000001,1565000.00000001,700733.790143052,-864266.209856961,-55.2246779461312
"desa rening","rasa","selangor","terrace house",1,0,125,32.0000000000001,439927.999999992,215112.749127788,-224815.250872204,-51.1027374643596
"taman scientex (bukit tambun perdana)","durian tunggal","melaka","terrace house",0,1,226.000000000001,31.0000000000001,267000.000000004,307171.693706497,40171.6937064939,15.045578167226
"taman meru perdana","ipoh","perak","terrace house",0,1,305,31.0000000000001,406699.999999993,455014.716256321,48314.7162563279,11.879694186459
"taman tok muda","kapar","selangor","terrace house",0,1,300,31.0000000000001,396999.999999989,427594.094274103,30594.0942741146,7.70632097584774
"taman mutiara perdana","batu pahat","johor","terrace house",1,1,206,31.0000000000001,573000.000000014,323241.393454865,-249758.606545148,-43.587889449414
"taman cheras perdana","cheras","selangor","terrace house",0,1,361,31.0000000000001,445000.00000001,493639.992532391,48639.9925323816,10.9303354005349
"flat taman perling","perling","johor","flat",0,1,273,31.0000000000001,150000.000000001,170291.587759271,20291.5877592696,13.5277251728463
"taman ria mesra 2","gurun","kedah","terrace house",1,1,136,30.0000000000001,209999.999999999,226569.060915976,16569.0609159767,7.89002900760799
"bandar selesa jaya","skudai","johor","terrace house",0,1,323.000000000001,30.0000000000001,462499.999999992,510838.441631519,48338.4416315263,10.4515549473572
"taman pandan perdana","ampang","selangor","terrace house",0,0,483.999999999999,30.0000000000001,722499.999999983,611170.486829793,-111329.513170189,-15.4089291585041
"endah regal condominium","sri petaling","kuala lumpur","condominium",0,0,482,30.0000000000001,550000.000000025,531135.278370401,-18864.7216296248,-3.42994938720436
"taman desa saujana","arau","perlis","semi d",1,1,205,28.9999999999999,414428.000000003,340456.141768791,-73971.8582312124,-17.8491458664018
"taman rimbayu","tanjong duabelas","selangor","terrace house",0,0,499.999999999999,27.9999999999999,759999.99999999,764690.950097628,4690.95009763783,0.617230276004986
"bertam perdana 2 - lakeview","kepala batas","penang","terrace house",1,1,271,27.9999999999999,618743.999999985,399355.077957735,-219388.92204225,-35.4571393083821
"taman soon hup(jalan permai)","sibu","sarawak","terrace house",0,0,178.999999999999,27.9999999999999,377499.999999994,300321.658613842,-77178.341386152,-20.4445937446763
"bandar metro puchong","puchong","selangor","terrace house",0,0,546.999999999999,27.9999999999999,925000.000000036,853844.12878769,-71155.8712123452,-7.69252661755054
"tabuan jaya","kuching","sarawak","terrace house",1,0,216.000000000001,27.9999999999999,624999.999999976,324316.917106301,-300683.082893675,-48.1092932629899
"rampai court","wangsa maju","kuala lumpur","apartment",0,1,389.999999999999,27.9999999999999,230999.999999993,326197.744735744,95197.7447357507,41.2111449072526
"nusa heights (nusa puncak)","iskandar puteri (nusajaya)","johor","apartment",0,1,451.000000000001,27.9999999999999,414999.999999985,377104.78583302,-37895.2141669649,-9.13137690770272
"taman seri ipil","nibong tebal","penang","semi d",1,1,184.999999999999,27,519999.999999995,348051.366037315,-171948.63396268,-33.0670449928233
"setia impian 4","setia alam","selangor","terrace house",0,1,537.999999999998,27,704999.999999996,818431.468718508,113431.468718512,16.0895700309947
"taman rawang perdana","rawang","selangor","terrace house",0,1,322.000000000001,27,460000.00000001,474895.543497077,14895.5434970664,3.23816162979698
"bandar amanjaya (zon mawar)","sungai petani","kedah","terrace house",1,1,168,27,239999.999999993,260894.36641496,20894.3664149663,8.70598600623621
"taman desa murni","butterworth","penang","terrace house",1,1,396,27,350000.000000001,622882.28267034,272882.282670338,77.9663664772392
"teratai mewah apartment block 15,17,19,21","setapak","kuala lumpur","apartment",0,1,373.000000000002,27,250000.000000004,327134.715431673,77134.7154316688,30.853886172667
"taman bunga raya","serendah","selangor","flat",0,0,187.000000000001,27,129999.999999998,116064.617273849,-13935.3827261489,-10.7195251739609
"taman sri putri","skudai","johor","terrace house",0,1,344.000000000001,25.9999999999999,540000.000000024,532543.808955909,-7456.19104411465,-1.38077611928043
"bandar puteri jaya seksyen 3","sungai petani","kedah","semi d",1,1,118.000000000001,25.9999999999999,369999.999999997,285250.452471893,-84749.5475281049,-22.9052831157042
"sky peak residences","tampoi","johor","service residence",0,1,431.000000000001,25.9999999999999,445000.00000001,392988.979345966,-52011.0206540442,-11.6878698098973
"kondo rakyat","kuala ibai","terengganu","flat",0,0,106,25.9999999999999,66499.999999997,65567.10916854,-932.890831457044,-1.40284335557456
"taman nusari bayu 1","bandar sri sendayan","negeri sembilan","terrace house",0,1,207,25,299999.999999989,301377.16424024,1377.16424025118,0.45905474675041
"templer residence","rawang","selangor","terrace house",0,1,517.999999999998,25,836999.99999999,817622.568341874,-19377.4316581161,-2.31510533549776
"taman ttdi grove","bangi","selangor","semi d",0,1,334,25,1068000.00000002,756684.672262479,-311315.327737545,-29.1493752563238
"taman psj","sungai karang","pahang","terrace house",1,1,206,25,265000.000000011,318474.934146544,53474.9341465338,20.1792204326534
"bandar mutiara","sungai petani","kedah","terrace house",1,1,186,25,280000.000000004,272008.857296984,-7991.1427030199,-2.85397953679278
"taman mawar","sandakan","sabah","terrace house",0,0,273,24.0000000000001,325000.000000008,407812.990662794,82812.9906627851,25.4809202039332
"taman bukit galena","seremban","negeri sembilan","terrace house",1,1,276,24.0000000000001,492500.00000001,473626.481698213,-18873.5183017965,-3.83218645721748
"taman nusa indah","iskandar puteri (nusajaya)","johor","terrace house",0,1,426.999999999998,24.0000000000001,649999.999999987,683444.820216625,33444.8202166384,5.14535695640601
"taman banting baru","banting","selangor","terrace house",0,1,247.999999999999,24.0000000000001,315000.000000009,388784.762267809,73784.7622678,23.4237340532692
"kinrara residence","puchong","selangor","terrace house",1,0,717,24.0000000000001,1889999.99999995,1727696.06570667,-162303.93429328,-8.58750975096742
"taman universiti indah","seri kembangan","selangor","terrace house",1,1,476.999999999999,24.0000000000001,582500.000000004,770406.612761824,187906.612761821,32.2586459676943
"sri inderapura","kuantan","pahang","terrace house",1,0,150.000000000001,24.0000000000001,192500.000000005,240299.417549055,47799.4175490506,24.8308662592465
"desa restu","sepang","selangor","terrace house",0,0,437,24.0000000000001,575000.000000007,639992.560926047,64992.5609260402,11.3030540740938
"country villas","bemban","melaka","semi d",1,0,387.999999999999,24.0000000000001,644999.999999994,796495.402975208,151495.402975214,23.4876593760024
"puncak erskine","tanjong tokong","penang","apartment",0,1,290,24.0000000000001,175000.000000008,205124.652856127,30124.6528561187,17.2140873463527
"lembah beringin","kuala kubu baru","selangor","terrace house",0,1,70.0000000000001,23,155000.000000002,85368.474902646,-69631.5250973564,-44.9235645789389
"taman bukit rahman putra","sungai buloh","selangor","terrace house",1,1,424.000000000001,23,699999.99999997,682465.963459011,-17534.036540959,-2.50486236299425
"taman klebang jaya","chemor","perak","terrace house",0,0,167.000000000001,23,200000.000000005,253182.922713106,53182.922713101,26.5914613565498
"bandar baru kundang","rawang","selangor","terrace house",0,0,456.000000000002,23,642630.000000018,693807.714691683,51177.714691665,7.96379171399772
"desa lembah permai","ampang","selangor","flat",0,0,102,23,66999.9999999998,64898.4500954929,-2101.54990450691,-3.13664164851778
"the platino serviced apartment","tampoi","johor","service residence",0,1,666.000000000001,23,601900.000000022,587068.442815363,-14831.5571846598,-2.46412314083057
"astana park homes - villa natura","sungai petani","kedah","terrace house",1,1,202.000000000001,22.0000000000001,377999.999999991,291958.219154747,-86041.7808452437,-22.7623758849857
"taman desa puteri","bahau","negeri sembilan","terrace house",0,1,178.999999999999,22.0000000000001,299999.999999989,255110.833066268,-44889.1669337208,-14.9630556445742
"bandar damai perdana (low cost)","cheras","selangor","condominium",0,1,458.000000000002,22.0000000000001,457499.999999994,512422.56386369,54922.5638636955,12.0049319920648
"prima regency","johor bahru","johor","apartment",0,1,332,22.0000000000001,351500.000000015,346865.161376565,-4634.83862345025,-1.31858851307256
"jadite suites","kajang","selangor","service residence",0,1,472.000000000002,22.0000000000001,688800.000000029,389043.594138805,-299756.405861224,-43.5186419659134
"cyberia smart homes","cyberjaya","selangor","condominium",0,1,238.000000000001,22.0000000000001,250000.000000004,276233.591990397,26233.5919903925,10.4934367961568
"danga view apartment","tampoi","johor","apartment",0,1,340.000000000001,22.0000000000001,420000.00000002,327331.854017418,-92668.1459826022,-22.0638442815709
"d'ambience residences (pangsapuri ikatan flora)","permas jaya","johor","service residence",0,1,396,22.0000000000001,339000.000000004,346614.437682204,7614.4376821997,2.24614680890844
"jalan jenderam-salak","dengkil","selangor","cluster house",0,1,616,20.9999999999999,1438799.99999999,814878.378706205,-623921.621293787,-43.3640270568384
"taman seruling emas","sungai jawi","penang","terrace house",0,1,195.000000000001,20.9999999999999,325000.000000008,271879.686990017,-53120.3130099915,-16.3447116953816
"tunas mahkota","kuantan","pahang","terrace house",0,1,160.000000000001,20.9999999999999,195000.000000003,235909.270643985,40909.2706439823,20.9791131507598
"taman desa bukit permata","kapar","selangor","terrace house",0,1,191,20.9999999999999,460000.00000001,260633.132345243,-199366.867654767,-43.3406234032092
"taman raja muda musa ii","sitiawan","perak","terrace house",0,1,180,20.9999999999999,288799.999999997,266096.7241531,-22703.2758468976,-7.86124509934133
"desa lahat sri -wang","lahat","perak","terrace house",0,0,267,20.9999999999999,318879.999999993,405950.149190315,87070.1491903219,27.3049890837694
"kuala besut","besut","terengganu","terrace house",1,1,190.000000000001,20.9999999999999,334999.999999999,285380.292948666,-49619.7070513331,-14.8118528511443
"kampung padang 1","kuantan","pahang","terrace house",0,0,153.000000000001,20.9999999999999,170000,234266.281045839,64266.2810458383,37.803694732846
"taman pinji mewah","ipoh","perak","semi d",1,0,171,20.9999999999999,285000.000000004,324108.155732925,39108.1557329212,13.722159906288
"taman seri mengkuang","kuala selangor","selangor","terrace house",0,1,222,20.9999999999999,342499.999999994,318992.719773373,-23507.2802266211,-6.86343948222525
"straits view condominium","permas jaya","johor","condominium",0,1,303.999999999999,20.9999999999999,494999.999999987,311158.209695108,-183841.790304878,-37.1397556171481
"pd perdana","port dickson","negeri sembilan","apartment",0,1,126,20.9999999999999,95000.0000000021,129309.636478197,34309.6364781946,36.1154068191514
"seri maya condominium","ulu klang","selangor","condominium",0,1,412.999999999999,20.9999999999999,529999.999999998,453048.837659413,-76951.1623405846,-14.5190872340726
"taman pakatan jaya","tambun","perak","terrace house",0,0,245.000000000001,20,302499.99999999,328190.081233626,25690.081233636,8.49258883756588
"ss23 taman sea","petaling jaya","selangor","terrace house",0,1,797.000000000004,20,1372499.99999997,1302515.38551576,-69984.6144842119,-5.09906116460572
"taman hijrah","kapar","selangor","terrace house",0,1,355.000000000002,20,449999.999999999,512633.335381955,62633.3353819567,13.9185189737682
"taman gembira","tampoi","johor","terrace house",0,1,283.000000000001,20,432500.000000012,432876.855147981,376.855147968628,0.0871341382586399
"taman seri bayu","sungai petani","kedah","terrace house",0,1,164,20,200000.000000005,253573.999934299,53573.9999342938,26.7869999671462
"taman munsyi ibrahim","tampoi","johor","terrace house",0,1,405.999999999999,20,374999.999999982,655395.491355456,280395.491355474,74.7721310281299
"desa satu","kepong","selangor","flat",0,1,253,20,166499.999999994,160105.303333379,-6394.69666661491,-3.84065865862771
"sri panglima","johor bahru","johor","apartment",0,0,264.999999999999,20,239999.999999993,240716.926963597,716.926963603764,0.298719568168243
"desa impiana","puchong","selangor","condominium",0,1,340.000000000001,20,399999.999999992,365208.815270356,-34791.1847296362,-8.69779618240921
"garden homes @ seremban 2","seremban 2","negeri sembilan","terrace house",0,1,220,19,369999.999999997,370124.409406996,124.409406998486,0.033624164053645
"atabara residence fasa 8 (pl 76003)","kuantan","pahang","terrace house",0,1,163,19,325000.000000008,257209.780154892,-67790.2198451169,-20.8585291831123
"kenyalang park","kuching","sarawak","terrace house",1,0,220,19,420000.00000002,343270.726221765,-76729.2737782555,-18.2688747091076
"taman bahau","bahau","negeri sembilan","terrace house",0,1,155.000000000001,19,183000.000000008,227482.958713758,44482.95871375,24.3076277124306
"taman chai leng","perai","penang","terrace house",0,1,264.999999999999,19,489999.999999995,389058.805608506,-100941.194391489,-20.6002437533653
"seksyen 3 bandar baru bangi","bangi","selangor","terrace house",0,0,357,19,589999.999999999,504259.644480628,-85740.3555193715,-14.5322636473511
"kota warisan","dengkil","selangor","semi d",1,1,260.000000000001,19,499999.999999986,497986.890822604,-2013.10917738179,-0.40262183547637
"arcoris residences","mont kiara","kuala lumpur","service residence",0,1,1106,19,1009999.99999996,1706369.69827652,696369.698276561,68.9474948788704
"28 mont kiara @ mk28","mont kiara","kuala lumpur","condominium",0,1,755.999999999998,19,2050000.00000002,1791130.9150319,-258869.084968116,-12.627760242347
"the capers @ sentul east","sentul","kuala lumpur","condominium",0,1,589.999999999997,19,759999.99999999,819384.611953294,59384.6119533038,7.81376473069797
"taman penampang apartment","penampang","sabah","apartment",0,0,335.999999999998,19,339999.999999985,308513.109614776,-31486.8903852093,-9.26085011329726
"taman ketiau","penampang","sabah","flat",0,0,284.000000000001,19,189999.999999996,175800.390959384,-14199.6090406113,-7.47347844242716
"sandilands","georgetown","penang","condominium",0,1,622.999999999998,19,837999.999999983,790327.452242491,-47672.5477574912,-5.68884818108499
"taman melor","tampoi","johor","flat",0,0,232,19,115000.000000002,147439.029013668,32439.0290136661,28.207851316231
"taman jasa ria (jesselton hills)","bukit mertajam","penang","semi d",0,1,335.999999999998,17.9999999999999,1043799.99999995,727326.365872971,-316473.634126977,-30.3193747966079
"nusari aman 2","bandar sri sendayan","negeri sembilan","semi d",1,1,226.999999999999,17.0000000000001,499999.999999986,372301.782077531,-127698.217922455,-25.5396435844917
"taman mantau indah","seremban 2","negeri sembilan","terrace house",0,1,200.000000000001,17.0000000000001,299999.999999989,348654.76394945,48654.7639494608,16.2182546498209
"taman permata penawar","pengerang","johor","terrace house",0,0,272.000000000001,17.0000000000001,386200.000000019,411644.745094422,25444.7450944029,6.58848914924953
"taman air keroh fasa 1-3","bukit katil","melaka","terrace house",0,0,159,17.0000000000001,220000,262959.008633107,42959.0086331071,19.5268221059578
"taman austin perdana","tebrau","johor","semi d",1,1,434.000000000002,17.0000000000001,669999.999999968,890365.873212171,220365.873212203,32.8904288376438
"perai jaya","perai","penang","flat",0,0,72.9999999999999,17.0000000000001,43000,54366.2716789409,11366.2716789408,26.4331899510252
"pangsapuri wira","cheras","selangor","apartment",0,1,312.999999999999,17.0000000000001,256000,290413.976280479,34413.9762804789,13.4429594845621
"pangsapuri nusa indah","bukit mertajam","penang","apartment",0,1,173,17.0000000000001,129999.999999998,191815.864830979,61815.8648309815,47.5506652546021
"impiana","iskandar puteri (nusajaya)","johor","apartment",0,1,415.000000000001,17.0000000000001,460000.00000001,401493.116595794,-58506.8834042165,-12.7188876965685
"angkasa apartment","kota kinabalu","sabah","apartment",0,0,353.000000000001,17.0000000000001,299999.999999989,277568.175272415,-22431.8247275738,-7.47727490919154
"idaman senibong","permas jaya","johor","apartment",0,0,344.000000000001,17.0000000000001,290000.000000013,324596.755112044,34596.7551120312,11.9299155558723
"permas ville apartment","permas jaya","johor","apartment",0,1,345,17.0000000000001,399999.999999992,328513.703093463,-71486.2969065292,-17.8715742266326
"saujana apartment","damansara damai","selangor","apartment",0,0,275,17.0000000000001,220000,240305.514144683,20305.5141446831,9.22977915667411
"taman bukit indah","ulu klang","selangor","bungalow",1,0,548.000000000003,16,717499.99999999,1581212.56182389,863712.561823902,120.378057397061
"taman tunku maheran","jitra","kedah","terrace house",0,1,168,16,255000.000000009,249002.995016711,-5997.00498329833,-2.35176666011691
"taman pengkalan minyak damai","ayer molek","melaka","terrace house",1,1,129,16,337834.000000007,228466.799582653,-109367.200417354,-32.3730590814873
"alam suria, puncak alam","bandar puncak alam","selangor","terrace house",1,0,288.000000000001,16,522499.999999998,440464.62410627,-82035.3758937283,-15.700550410283
"taman colonial","raub","pahang","terrace house",0,1,285,16,469999.999999981,450953.727924081,-19046.2720758997,-4.05239831402138
"yarra park (eastfield)","sungai petani","kedah","terrace house",0,1,207,16,405900.000000004,290759.098914495,-115140.90108551,-28.3668147537591
"p/l : 10139","kuantan","pahang","terrace house",0,1,183,16,350000.000000001,270295.776956911,-79704.2230430907,-22.7726351551687
"taman desa skudai","skudai","johor","terrace house",0,1,222,16,455000.000000006,315790.158022629,-139209.841977377,-30.5955696653573
"taman sri bunut","tanjong duabelas","selangor","terrace house",0,1,327.999999999999,16,669000.000000023,506530.046447834,-162469.953552189,-24.2854938045117
"taman indah permai","kota kinabalu","sabah","terrace house",0,0,335.000000000001,16,519999.999999995,525216.5243043,5216.52430430509,1.00317775082791
"taman nusa perintis ii","iskandar puteri (nusajaya)","johor","terrace house",0,1,408.999999999999,16,498499.999999985,613141.128021087,114641.128021103,22.9972172559892
"country heights","kajang","selangor","town house",1,1,345.999999999999,16,499499.999999977,575274.024843078,75774.0248431005,15.1699749435643
"taman mutiara mas","skudai","johor","cluster house",0,0,419.999999999998,16,959000.000000023,689645.197490043,-269354.80250998,-28.087049271113
"taman pelangi semenyih 2","beranang","selangor","terrace house",0,1,338,16,505000.000000002,522827.620347063,17827.6203470609,3.53022185090314
"desa pinang 2","jelutong","penang","flat",0,0,423.000000000001,16,257499.999999993,258047.315414048,547.315414055483,0.212549675361359
"vim 3 @ desa park north","kepong","kuala lumpur","service residence",0,0,774.000000000002,16,412500.000000012,701068.340779635,288568.340779623,69.9559614011189
"desa bayan apartment","bayan lepas","penang","apartment",0,1,485.999999999998,16,345000.000000001,347960.795158049,2960.79515804793,0.858201495086353
"regency heights condo","sungai ara","penang","condominium",0,1,396,16,502500.000000016,414600.673902078,-87899.3260979381,-17.4924032035692
"skyridge garden","tanjong tokong","penang","condominium",0,1,633.000000000003,16,835000.000000006,773601.300944326,-61398.6990556801,-7.35313761145864
"putatan platinum apartment","penampang","sabah","apartment",0,1,345.999999999999,16,293999.999999995,300887.574207292,6887.574207297,2.34271231540719
"taman amanah","tanjong duabelas","selangor","terrace house",0,1,278.000000000001,15,425000.000000019,440620.738063424,15620.7380634052,3.67546777962457
"ss17","subang jaya","selangor","terrace house",0,1,471.000000000001,15,880000.000000009,808709.186808736,-71290.813191273,-8.10122877173549
"kota seribong","padang enggang","kelantan","terrace house",0,0,361,15,469999.999999981,504242.131356818,34242.1313568378,7.28555986315727
"taman karisma impian","sitiawan","perak","terrace house",0,1,193.000000000001,15,298800,300298.682656654,1498.68265665334,0.501567154167784
"pinggiran putra 4 (pl 3178)","kuantan","pahang","terrace house",0,1,157,15,334999.999999999,236271.35126198,-98728.6487380186,-29.4712384292594
"taman intan duyung","port dickson","negeri sembilan","terrace house",0,0,150.000000000001,15,220000,213118.538112728,-6881.46188727175,-3.12793722148716
"taman kota laksamana seksyen 1","melaka city","melaka","town house",1,0,279.000000000001,15,469999.999999981,400666.845617436,-69333.1543825446,-14.7517349750101
"setia pulau mutiara","bayan lepas","penang","terrace house",0,1,685.999999999997,15,1330999.99999994,1138995.09103083,-192004.908969106,-14.4256129954256
"taman bersatu","simpang pulai","perak","terrace house",0,0,204.000000000001,15,198999.999999994,296582.699015639,97582.6990156448,49.0365321686672
"taman maluri","cheras","kuala lumpur","terrace house",0,0,303,15,780000.000000019,463609.311931397,-316390.688068622,-40.5629087267454
"taman intan mas i & iii","teluk intan","perak","terrace house",0,1,255.000000000001,15,476888.000000013,385221.524522905,-91666.4754771087,-19.2218037520563
"taman terendak permai","sungai udang","melaka","terrace house",0,1,174.999999999999,15,269999.999999997,284362.259491288,14362.2594912915,5.31935536714508
"taman saga indah","mentakab","pahang","terrace house",0,0,157,15,218999.999999992,230578.738375226,11578.7383752344,5.28709514850907
"bandar dataran segar","lukut","negeri sembilan","terrace house",0,1,312.999999999999,15,459000.000000008,468964.778487948,9964.77848793933,2.17097570543336
"m residence 2","rawang","selangor","terrace house",0,0,345.999999999999,15,585000.000000004,521359.063367304,-63640.9366326997,-10.8787925867862
"island park","jelutong","penang","semi d",1,1,589.999999999997,15,1800000.00000001,1683621.39755546,-116378.602444549,-6.46547791358599
"metropolitan square","damansara perdana","selangor","service residence",0,0,445,15,460000.00000001,420129.908284094,-39870.0917159162,-8.66741124259028
"gurney park condominium","gurney","penang","condominium",0,1,743.999999999999,15,656999.999999969,1076117.23543002,419117.235430046,63.7925776910299
"vista pinggiran apartment","seri kembangan","selangor","apartment",0,0,355.000000000002,15,309999.999999991,313754.391560316,3754.39156032435,1.21109405171757
"taman tasik perdana","pengkalan hulu","perak","terrace house",0,0,157,14,188000.000000002,247104.19718386,59104.1971838572,31.4384027573704
"aman cities","batu gajah","perak","terrace house",0,0,144.999999999999,14,231299.999999993,240025.415057567,8725.41505757417,3.77233681693663
"scientex ipoh - begonia","ipoh","perak","terrace house",0,1,254.000000000001,14,296800.000000011,381831.33277401,85031.332773999,28.6493708807264
"taman sri nibong","bayan lepas","penang","terrace house",0,1,675,14,1175000.00000001,1146778.71247143,-28221.287528577,-2.40181170455974
"taman delima ii","kluang","johor","terrace house",1,1,178.999999999999,14,314000.000000003,251657.298489098,-62342.7015109056,-19.8543635385047
"taman merak jaya","simpang ampat","penang","terrace house",0,1,230.999999999999,14,315000.000000009,351625.178239733,36625.1782397237,11.627040711023
"taman pura kencana - tr. 41","batu pahat","johor","terrace house",0,1,226.999999999999,14,445000.00000001,329699.708561795,-115300.291438215,-25.9101778512837
"taman datuk tamby chik karim","batu berendam","melaka","terrace house",0,0,226.999999999999,14,304999.999999985,304499.718218839,-500.28178114607,-0.164026813490523
"taman samudra","batu caves","selangor","terrace house",0,0,580.999999999999,14,550000.000000025,735733.875047903,185733.875047877,33.7697954632489
"taman silibin ria","ipoh","perak","terrace house",1,0,293.000000000001,14,515000.000000014,438605.919501463,-76394.0804985512,-14.8338020385532
"taman sri pulasan","seremban","negeri sembilan","terrace house",0,0,171.999999999999,14,215000,242993.469625993,27993.4696259926,13.0202184306942
"taman makmur fasa 1","lunas","kedah","terrace house",0,1,207,14,299999.999999989,290967.736203453,-9032.26379653532,-3.01075459884522
"taman aman 3","lahad datu","sabah","terrace house",0,0,176,14,374999.999999982,268434.945591761,-106565.054408221,-28.4173478421936
"taman gurun jaya","gurun","kedah","terrace house",1,1,107,14,206499.999999995,239455.914806755,32955.9148067595,15.9592807780921
"taman asean","balai panjang","melaka","terrace house",0,1,236,14,382499.999999989,381732.204857716,-767.795142273069,-0.200730756149828
"taman klang jaya","klang","selangor","terrace house",0,1,232,14,475000.00000001,411856.111362098,-63143.8886379121,-13.2934502395602
"queens residences q2 @ queens waterfront","bayan lepas","penang","condominium",0,1,1066,14,1253286.99999997,1891642.64611071,638355.646110741,50.9345142900833
"golden villa","klang","selangor","apartment",0,1,226.000000000001,14,217500.000000005,187619.032975651,-29880.9670243543,-13.738375643381
"pantai panorama condominiums","kampung kerinchi (bangsar south)","kuala lumpur","condominium",0,1,437,14,482500.000000011,495772.866459986,13272.8664599751,2.75085315232638
"villa flora","taman tun dr ismail","kuala lumpur","condominium",0,1,600.000000000002,14,830500.000000011,857644.065782424,27144.0657824134,3.26840045543805
"bercham prima (ipoh kiara)","ipoh","perak","condominium",0,0,259.000000000001,14,315000.000000009,259011.769350627,-55988.2306493825,-17.7740414759939
"sri anggerik 2","puchong","selangor","apartment",0,1,458.000000000002,14,380000.000000012,414116.703250968,34116.7032509558,8.97807980288283
"sri kenari apartment","johor bahru","johor","flat",1,0,350,14,319999.999999997,383632.446331636,63632.4463316394,19.8851394786375
"petaling indah condominiums","sri petaling","kuala lumpur","condominium",0,0,297,14,298850,282486.288750627,-16363.711249373,-5.47556006336726
"scott towers @ larkin jb","johor bahru","johor","apartment",0,0,407.999999999999,14,395000.000000016,369139.445153111,-25860.5548469053,-6.54697591060868
"telipok square","tuaran","sabah","flat",0,0,214.999999999999,14,137000.000000005,144160.393808301,7160.39380829551,5.22656482357317
"pangsapuri ikhlas","jitra","kedah","apartment",0,1,240.999999999999,14,164999.999999997,218131.164202197,53131.1642021994,32.2007055770911
"taman daya","kepong","selangor","terrace house",0,0,515.000000000002,13,550000.000000025,758812.7807514,208812.780751375,37.9659601366118
"taman bringin","jinjang","kuala lumpur","cluster house",1,0,472.000000000002,13,299999.999999989,732241.16955041,432241.169550421,144.080389850146
"perumahan makmur gambang jaya 1 (prima)","kuantan","pahang","semi d",0,0,78.9999999999999,13,229999.999999992,134293.722875428,-95706.2771245649,-41.6114248367687
"taman tan sri fuzi","seri iskandar","perak","terrace house",0,1,163,13,228000.000000005,250443.788672183,22443.7886721776,9.84376696148117
"taman desa bukit nilam","kapar","selangor","terrace house",0,1,391.000000000002,13,549899.999999997,560932.955755161,11032.9557551639,2.00635674762029
"kawasan abdul samad/marimah","johor bahru","johor","semi d",1,1,131,13,980000.000000045,325906.985681818,-654093.014318226,-66.7441851345098
"taman pulai emas","kulai","johor","terrace house",0,0,325.000000000001,13,384999.999999992,480528.988433364,95528.9884333726,24.812724268409
"bandar teknologi","kajang","selangor","terrace house",0,1,269,13,369999.999999997,400052.789379783,30052.7893797857,8.12237550805023
"kampung batu tiong / batu gedup","dungun","terengganu","semi d",0,1,97.9999999999998,13,350000.000000001,214747.619036793,-135252.380963208,-38.6435374180594
"taman bemban setia","batu gajah","perak","terrace house",0,0,165.999999999999,13,239999.999999993,244014.791510174,4014.79151018086,1.67282979590874
"taman sintar indah","nibong tebal","penang","terrace house",1,1,250.999999999999,13,339999.999999985,475616.48836016,135616.488360175,39.8872024588767
"taman semenyih mewah","semenyih","selangor","terrace house",0,1,353.999999999998,13,615000.000000028,543903.319527316,-71096.6804727116,-11.5604358492209
"taman jati","rawang","selangor","terrace house",0,0,293.000000000001,13,299999.999999989,401828.303606549,101828.303606561,33.9427678688548
"perkampungan sri mahkota aman","kuantan","pahang","terrace house",0,1,156,13,250000.000000004,238155.959623152,-11844.0403768526,-4.73761615074095
"taman segar perdana","cheras","selangor","semi d",0,0,550.000000000002,13,929000.000000023,891061.376802618,-37938.6231974058,-4.08381304600698
"taman semarak ii","nilai","negeri sembilan","terrace house",0,1,195.000000000001,13,299999.999999989,325981.565645114,25981.5656451256,8.66052188170887
"tropicana bay residences","bayan lepas","penang","condominium",0,1,687.999999999997,13,595000.00000002,1069043.65327143,474043.653271408,79.671202230486
"1120 park avenue","petaling jaya","selangor","condominium",0,0,421.999999999999,13,429999.99999998,467232.889319407,37232.889319427,8.65881146963457
"taman daya - jalan pinang 3, 4","tebrau","johor","flat",0,1,258.000000000001,13,150000.000000001,160222.697138398,10222.6971383974,6.81513142559824
"jentayu residensi @ tampoi","johor bahru","johor","service residence",0,1,373.000000000002,13,369999.999999997,376142.571726969,6142.57172697142,1.6601545208031
"taman seri sari (sunshine garden)","bukit jambul","penang","apartment",0,1,370.999999999998,13,260000.000000009,303070.537647693,43070.5376476835,16.5655914029546
"kiaraville","mont kiara","kuala lumpur","condominium",0,1,666.999999999997,13,1300000.00000005,1185369.71578595,-114630.284214095,-8.81771417031471
"taman intan baiduri","batu caves","kuala lumpur","flat",0,0,183,13,129999.999999998,123100.635312806,-6899.36468719115,-5.30720360553175
"tanjung court","ayer itam","penang","apartment",0,0,393.999999999999,13,309999.999999991,281397.885869099,-28602.114130892,-9.22648842932025
"taman semarak megah","tawau","sabah","terrace house",0,0,250.000000000001,12,364999.99999999,305001.133285105,-59998.8667148852,-16.4380456753115
"ss20 damansara utama","petaling jaya","selangor","terrace house",0,1,687,12,1189999.99999999,1264587.58478582,74587.5847858347,6.26786426771727
"ss15","subang jaya","selangor","terrace house",0,1,507.999999999999,12,922499.999999983,840752.114875964,-81747.8851240182,-8.86155936303737
"desa bukit berlian","kapar","selangor","semi d",1,0,272.000000000001,12,446635.000000005,497751.327580544,51116.327580539,11.4447653185573
"raintree park2","sungai bakap","penang","semi d",1,1,321.000000000001,12,526500.000000017,541210.730866146,14710.7308661286,2.79406094323421
"1 tanjung","ipoh","perak","terrace house",0,1,194,12,298879.999999996,319704.488584915,20824.488584919,6.9675082256823
"taman sri rampai","wangsa maju","kuala lumpur","terrace house",0,1,565.999999999999,12,505000.000000002,804862.200190915,299862.200190913,59.3786535031508
"r.p.r rangau","limbang","sarawak","terrace house",0,1,74,12,79999.9999999985,90405.791588641,10405.7915886425,13.0072394858033
"taman song choon","ipoh","perak","terrace house",0,0,190.000000000001,12,237499.999999992,271358.30713608,33858.3071360873,14.2561293204583
"taman sri jaya (sungai pelik)","sepang","selangor","terrace house",0,1,301.000000000001,12,598000.000000019,423907.679616143,-174092.320383876,-29.1124281578379
"desa sejijak","kuching","sarawak","terrace house",0,0,165.999999999999,12,176050,256097.543248386,80047.5432483853,45.4686414361745
"taman sri bahagia","cheras","selangor","terrace house",0,1,447.000000000001,12,560999.999999981,714477.862739629,153477.862739647,27.3579077967295
"taman melaka baru","batu berendam","melaka","terrace house",0,0,202.000000000001,12,299999.999999989,288738.359425393,-11261.6405745954,-3.75388019153193
"taman merdeka fasa 1d","batu berendam","melaka","terrace house",0,0,232,12,274999.999999998,335799.80059157,60799.8005915724,22.1090183969356
"bandar nusaputra","puchong","selangor","terrace house",0,1,347,12,634999.999999981,479018.702363155,-155981.297636826,-24.5639838798158
"taman desa pakatan","ipoh","perak","terrace house",0,0,216.000000000001,12,188500,325039.570937609,136539.57093761,72.4347856432944
"taman sri serdang","kepala batas","penang","bungalow",1,1,236,12,425000.000000019,420641.098382981,-4358.90161703783,-1.02562390989121
"taman sri jaya","batu pahat","johor","terrace house",0,1,201.000000000001,12,301500.000000007,308805.537368613,7305.53736860619,2.42306380384943
"taman bukit","bukit mertajam","penang","semi d",0,1,247.999999999999,12,620000.000000015,572502.890095736,-47497.1099042795,-7.6608241781094
"taman meru makmur","kapar","selangor","terrace house",1,1,232,12,543000.000000015,428581.637291979,-114418.362708036,-21.0715216773541
"taman bukit pasir","batu pahat","johor","terrace house",0,1,195.000000000001,12,299999.999999989,313265.50825362,13265.5082536311,4.42183608454387
"taman koperasi cuepacs","cheras","selangor","terrace house",0,1,375.999999999998,12,389999.999999989,618394.475734326,228394.475734338,58.5626860857292
"taman teluk villa","penampang","sabah","terrace house",0,0,255.999999999999,12,432500.000000012,381850.40362091,-50649.5963791021,-11.7108893362082
"taman tan sri yaacob","skudai","johor","terrace house",0,1,495,12,399999.999999992,798797.557065237,398797.557065244,99.699389266313
"taman jumbo","penampang","sabah","terrace house",0,0,389.999999999999,12,350000.000000001,599919.081143553,249919.081143552,71.4054517553003
"taman seri jaromas","jenjarom","selangor","semi d",1,1,272.000000000001,12,789999.999999997,508523.483089965,-281476.516910032,-35.6299388493713
"crystal creek resort","taiping","perak","condominium",0,1,220,12,299999.999999989,171246.890276296,-128753.109723693,-42.9177032412325
"seroja","setia alam","selangor","flat",0,1,300,12,200000.000000005,214940.506591892,14940.5065918864,7.47025329594301
"pandan residence","tebrau","johor","service residence",0,0,423.000000000001,12,389999.999999989,397708.780867672,7708.78086768318,1.97661047889318
"28 boulevard","ampang","selangor","service residence",0,0,675,12,334999.999999999,511850.314285638,176850.314285639,52.7911385927283
"taman permata","bukit mertajam","penang","flat",0,1,136,12,74999.9999999965,72050.0245176468,-2949.97548234965,-3.93330064313305
"flat danau kota","setapak","kuala lumpur","flat",0,0,271,12,189999.999999996,191557.329615584,1557.32961558821,0.819647166099078
"karisma @ eco majestic","semenyih","selangor","apartment",0,1,328.999999999999,12,262499.999999996,330226.355133427,67726.3551334305,25.8005162413072
"sentul utama condominium","sentul","kuala lumpur","condominium",0,0,384.999999999998,12,342499.999999994,427796.3009922,85296.3009922066,24.9040294867761
"d'carlton (residensi seri mega)","masai","johor","service residence",0,1,413.999999999998,12,410000.000000004,431235.12169889,21235.1216988866,5.17929797533814
"taman telipok ria fasa 1 & fasa 2","tuaran","sabah","apartment",0,0,262.999999999999,12,160000.000000006,202022.513990822,42022.5139908166,26.2640712442594
"bandar jaya","bintulu","sarawak","terrace house",1,0,250.000000000001,11,499999.999999986,400727.206973486,-99272.7930264995,-19.8545586053005
"taman pengkalan prisma","batu gajah","perak","terrace house",0,0,168,11,290000.000000013,242973.003770401,-47026.9962296115,-16.216205596417
"taman kien leong/kim chuan","klang","selangor","terrace house",0,1,325.000000000001,11,499999.999999986,455019.134593721,-44980.8654062646,-8.99617308125317
"taman oren","butterworth","penang","terrace house",0,1,777.999999999999,11,1230799.99999997,1185174.15047157,-45625.8495284019,-3.70700759899276
"rendang exora (pec lot 24818)","pekan","pahang","terrace house",0,1,186,11,260000.000000009,282466.333265076,22466.3332650668,8.64089740964076
"taman permai 2","bukit kepayang","negeri sembilan","terrace house",0,1,209,11,260000.000000009,302076.75438112,42076.7543811109,16.1833670696575
"taman impian putra","port dickson","negeri sembilan","terrace house",1,0,173,11,374999.999999982,231375.230532543,-143624.769467439,-38.2999385246522
"glenmarie cove","klang","selangor","semi d",0,1,334,11,1120000.00000003,724326.470671659,-395673.529328366,-35.3279936900319
"taman amalina lestari","raub","pahang","terrace house",0,0,168,11,200000.000000005,251450.254766693,51450.2547666873,25.725127383343
"sanctuary garden","bukit mertajam","penang","semi d",0,1,328.999999999999,11,860000.000000008,728109.688636238,-131890.31136377,-15.3360827167173
"setia indah 11","setia alam","selangor","terrace house",0,1,506.999999999998,11,699999.99999997,799589.67698441,99589.6769844398,14.2270967120634
"taman sutera wangi","batu berendam","melaka","terrace house",0,0,250.000000000001,11,387999.999999996,298825.551079802,-89174.4489201939,-22.9831053918028
"taman batu gajah perdana","batu gajah","perak","terrace house",0,0,150.999999999999,11,274999.999999998,248868.605229847,-26131.3947701504,-9.50232537096385
"hijayu 3b","bandar sri sendayan","negeri sembilan","terrace house",0,1,309.000000000001,11,579999.999999999,428535.976488061,-151464.023511938,-26.1144868124031
"taman rimba (pec lot 1135)","mentakab","pahang","terrace house",0,1,186,11,137000.000000005,278835.157578135,141835.15757813,103.529312100821
"kampung tasik tambahan","ampang","selangor","terrace house",0,0,405,11,420000.00000002,591683.137475355,171683.137475334,40.8769374941252
"taman bidara palma","sungei baru tengah","melaka","terrace house",0,1,118.000000000001,11,239999.999999993,202200.550165148,-37799.449834845,-15.7497707645192
"taman gadong perdana","bertam","melaka","terrace house",0,1,207,11,299999.999999989,297698.100303001,-2301.899696988,-0.767299898996027
"taman bunga raya","sungai petani","kedah","terrace house",1,1,131,11,229999.999999992,235556.237303553,5556.23730356016,2.41575534937406
"taman nirwana","bukit mertajam","penang","terrace house",0,1,310,11,350000.000000001,408303.587362329,58303.5873623281,16.658167817808
"taman klebang putra","chemor","perak","terrace house",0,1,190.000000000001,11,255000.000000009,273626.847126704,18626.8471266946,7.30464593203682
"taman impian indah","bukit mertajam","penang","terrace house",0,1,310,11,374999.999999982,408303.587362329,33303.5873623472,8.88095662995968
"taman sentoria","kota samarahan","sarawak","terrace house",0,1,247.999999999999,11,319999.999999997,395337.578806706,75337.5788067091,23.5429933770968
"taman desa cemerlang","batu pahat","johor","terrace house",0,1,260.000000000001,11,439800.000000001,404330.836364893,-35469.1636351076,-8.06483938951969
"bandar pulai jaya","simpang pulai","perak","terrace house",0,0,220,11,309999.999999991,305953.147276267,-4046.85272372438,-1.30543636249177
"taman bukit melaka","bukit baru","melaka","terrace house",0,1,226.999999999999,11,438000.000000007,325244.666736668,-112755.33326334,-25.7432267724516
"taman banang heights","batu pahat","johor","terrace house",0,1,254.000000000001,11,410000.000000004,374854.775583807,-35145.2244161969,-8.57200595516991
"taman seroja","sepang","selangor","terrace house",0,0,156,11,399999.999999992,270020.577729992,-129979.42227,-32.4948555675007
"kingfisher park ph2","kota kinabalu","sabah","semi d",1,0,255.999999999999,11,949999.999999978,525570.264880074,-424429.735119904,-44.6768142231488
"anggerik villa 2","kajang","selangor","apartment",0,1,198.000000000001,11,220000,187226.143523502,-32773.8564764983,-14.8972074893174
"iskandar residences","iskandar puteri (nusajaya)","johor","condominium",0,1,601.000000000002,11,872999.999999966,841612.11219775,-31387.8878022159,-3.59540524653117
"sri alam condominium","shah alam","selangor","condominium",0,0,324,11,449999.999999999,349945.786367434,-100054.213632565,-22.2342696961256
"taman lone pine (medium low cost)","ayer itam","penang","apartment",0,1,435.999999999998,11,250000.000000004,321674.189976106,71674.1899761016,28.6696759904401
"de tropicana","kuchai lama","kuala lumpur","condominium",0,0,287,11,280000.000000004,279195.310171298,-804.689828705392,-0.287389224537636
"bandar baru ampang","ampang","selangor","flat",0,0,243,11,139900.000000004,162510.658193152,22610.6581931481,16.1620144339868
"casa ria","cheras","kuala lumpur","condominium",0,0,391.999999999999,11,399999.999999992,422273.365918341,22273.3659183482,5.56834147958716
"zennith suites (pangsapuri kebun teh)","johor bahru","johor","apartment",0,0,488.000000000001,11,225000.00000001,388098.611482467,163098.611482457,72.4882717699776
"lily & jasmine apartment","tampoi","johor","apartment",0,0,285,11,285000.000000004,258489.83770792,-26510.1622920838,-9.3018113305556
"nautica lake suites","bandar sunway","selangor","condominium",0,0,519.999999999999,11,830000.000000016,571170.63718573,-258829.362814286,-31.1842605800338
"pusat komersial seksyen 7","shah alam","selangor","flat",0,0,375.999999999998,11,299999.999999989,241107.704167065,-58892.2958329239,-19.630765277642
"sun moon city","ayer itam","penang","flat",0,1,232,11,137999.999999994,151320.555449726,13320.5554497316,9.65257641284938
"sri lempah","taman desa","kuala lumpur","flat",0,0,353.000000000001,11,196999.999999995,235815.15731181,38815.1573118146,19.7031255389927
"the riviera","ampang","selangor","apartment",0,0,224,11,209999.999999999,188781.421044415,-21218.5789555843,-10.104085216945
"tiffani kiara","mont kiara","kuala lumpur","condominium",0,1,561.000000000002,11,1120000.00000003,845604.979097096,-274395.020902929,-24.499555437761
"tun perak","melaka city","melaka","apartment",0,0,440.000000000001,11,478000.000000003,381619.631719414,-96380.36828059,-20.1632569624664
"cempaka","serendah","selangor","apartment",0,0,117,11,85000.0000000039,198438.163297004,113438.163297,133.456662702347
"garden plaza","cyberjaya","selangor","service residence",0,1,415.000000000001,11,209999.999999999,371667.372881353,161667.372881354,76.9844632768356
"pertiwi indah","cheras","kuala lumpur","condominium",0,0,370.999999999998,11,449999.999999999,426591.976805499,-23408.0231945001,-5.20178293211116
"grandeur tower","ampang","selangor","apartment",0,0,322.000000000001,11,304999.999999985,313489.988388076,8489.98838809051,2.78360275019374
"concerto north kiara","dutamas","kuala lumpur","condominium",0,1,913.000000000001,11,1765799.99999997,1846906.19705241,81106.1970524478,4.59317006753027
"mutiara ville","cyberjaya","selangor","service residence",0,1,399.999999999999,11,399999.999999992,334247.429708793,-65752.5702911995,-16.4381425728002
"ascenda residence @ skyarena","setapak","kuala lumpur","condominium",0,0,455,11,492999.999999987,484443.042459622,-8556.95754036435,-1.73569118465813
"desa pantai indah","teluk kumbar","penang","terrace house",0,1,535.999999999999,10,750000.000000006,832402.418945398,82402.4189453922,10.9869891927189
"taman manis","batu pahat","johor","semi d",1,1,194,10,220000,276502.095720556,56502.0957205555,25.6827707820706
"bandar nusa rhu","shah alam","selangor","bungalow",1,0,399.999999999999,10,591500.000000013,756678.052058201,165178.052058188,27.9252835263203
"ss4 petaling jaya","petaling jaya","selangor","terrace house",1,1,472.000000000002,10,842500.000000039,781889.540954382,-60610.4590456575,-7.19411976803023
"taman langat utama 2","tanjong duabelas","selangor","terrace house",0,0,244,10,434999.999999991,338927.521713248,-96072.4782867429,-22.0856271923551
"taman semantan indah","mentakab","pahang","terrace house",0,1,146.000000000001,10,257499.999999993,244122.449508472,-13377.5504915205,-5.19516523942557
"p/l : 2195 (pt24541-pt24570)","sungai karang","pahang","semi d",0,1,121,10,380000.000000012,332514.430149667,-47485.5698503444,-12.4962025921955
"arden hill @seremban forest heights","ampangan","negeri sembilan","terrace house",0,1,418.000000000001,10,614499.999999983,613064.617914289,-1435.38208569365,-0.233585367891569
"taman permai indah fasa 2","kuala lipis","pahang","terrace house",1,1,115,10,326299.999999996,241297.760043301,-85002.2399566946,-26.0503340351504
"mahkota impian (p/l 164414)","kuantan","pahang","terrace house",0,1,168.999999999999,10,314499.99999999,257041.904128546,-57458.0958714444,-18.2696648239893
"bb setia awan perdana residen 1","sitiawan","perak","cluster house",1,1,138.000000000001,10,220000,284349.99278424,64349.9927842402,29.2499967201091
"dahlia garden","simpang ampat","penang","terrace house",0,1,462.000000000001,10,627000.000000026,741250.352471665,114250.352471639,18.2217468056832
"taman sinar pelangi","batu pahat","johor","terrace house",0,1,341.000000000001,10,594150.000000017,491375.848085396,-102774.151914621,-17.2976776764483
"taman permai puteh","tronoh","perak","terrace house",0,0,218,10,304999.999999985,309043.370885215,4043.37088522944,1.32569537220644
"taman saujana harmoni","batu gajah","perak","terrace house",0,0,180,10,288000.000000005,252792.080056212,-35207.9199437927,-12.2249722027056
"taman ilmu","nibong tebal","penang","terrace house",1,1,250.999999999999,10,310500.000000009,458760.99666218,148260.99666217,47.7491132567362
"bandar baru kuantan putri","kuantan","pahang","terrace house",0,0,159,10,202499.999999994,251484.114701275,48984.114701281,24.1896862722382
"taman desaria","nilai","negeri sembilan","terrace house",0,1,177,10,309999.999999991,245775.687998296,-64224.3120016948,-20.7175200005473
"jalan stampin","kuching","sarawak","bungalow",1,0,274,10,864999.999999986,468592.562346571,-396407.437653416,-45.8274494397019
"taman nusantara","kuala kedah","kedah","semi d",1,1,186,10,347500.000000006,268798.460814677,-78701.539185329,-22.6479249454181
"laman indah 1","iskandar puteri (nusajaya)","johor","terrace house",0,1,358,10,384999.999999992,514656.225886663,129656.225886672,33.6769417887466
"seksyen 4","petaling jaya","selangor","bungalow",1,0,254.000000000001,10,1237500.00000002,589220.133066274,-648279.866933748,-52.3862518734332
"rpa rimba panjang","sungai siput","perak","terrace house",0,0,76.9999999999997,10,115000.000000002,97499.8796397271,-17500.1203602744,-15.2174959654558
"taman indah jaya","kluang","johor","terrace house",0,1,178.999999999999,10,239999.999999993,240896.372496802,896.372496808646,0.373488540336946
"setia impian 7","setia alam","selangor","semi d",0,1,472.999999999999,10,788999.999999992,602786.466017297,-186213.533982695,-23.6012083628259
"taman paya rumput indah","paya rumput","melaka","semi d",1,0,165,10,235000.000000001,262469.358215443,27469.3582154424,11.6890886023159
"taman bertam putra","tanjong minyak","melaka","terrace house",0,1,310.999999999999,10,488000.000000007,430741.121934316,-57258.8780656914,-11.7333766528054
"taman sri senai","senai","johor","terrace house",0,1,278.000000000001,10,280000.000000004,422208.980245426,142208.980245422,50.7889215162216
"taman anjung bercham megah","ipoh","perak","terrace house",0,1,224,10,337499.999999993,343553.261272289,6053.26127229579,1.79355889549509
